R,G,B,Category,X,Y
235,207,196,White Skin,108,279
238,213,201,White Skin,114,279
238,219,207,White Skin,136,287
236,215,204,White Skin,138,287
238,216,212,White Skin,120,297
228,201,187,White Skin,122,308
237,211,204,White Skin,137,340
240,214,207,White Skin,153,345
242,221,212,White Skin,141,343
235,212,202,White Skin,120,342
198,163,154,White Skin,104,341
234,199,190,White Skin,97,340
229,196,187,White Skin,90,343
185,145,138,White Skin,84,351
128,93,84,White Skin,83,360
225,200,188,White Skin,158,346
227,191,178,White Skin,160,351
203,167,150,White Skin,158,372
178,145,126,White Skin,153,390
203,173,158,White Skin,143,402
245,215,204,White Skin,133,405
248,218,210,White Skin,124,407
229,195,184,White Skin,107,406
205,177,157,White Skin,99,403
205,164,148,White Skin,95,395
178,142,127,White Skin,88,387
192,156,143,White Skin,84,376
185,145,138,White Skin,81,350
233,205,194,White Skin,83,336
234,201,191,White Skin,99,332
233,208,198,White Skin,121,332
245,219,210,White Skin,141,334
243,215,208,White Skin,159,337
234,195,179,White Skin,170,329
222,184,167,White Skin,171,321
190,154,141,White Skin,174,307
215,181,170,White Skin,169,297
239,208,200,White Skin,150,291
238,212,203,White Skin,142,289
240,223,213,White Skin,135,278
245,224,215,White Skin,122,274
235,202,191,White Skin,104,275
218,181,169,White Skin,96,279
224,187,175,White Skin,99,288
235,207,196,White Skin,108,289
237,212,200,White Skin,113,283
242,209,190,White Skin,484,308
244,219,205,White Skin,492,313
246,232,221,White Skin,507,326
241,220,207,White Skin,520,328
245,218,207,White Skin,503,333
232,191,173,White Skin,501,344
234,193,180,White Skin,492,362
249,211,194,White Skin,486,369
232,197,177,White Skin,471,369
241,218,205,White Skin,464,370
240,211,196,White Skin,456,374
225,184,159,White Skin,450,384
232,186,162,White Skin,447,396
222,180,155,White Skin,447,406
233,192,167,White Skin,450,414
246,215,198,White Skin,465,420
246,215,200,White Skin,474,426
222,183,162,White Skin,489,428
208,173,148,White Skin,502,424
201,159,137,White Skin,510,420
184,137,119,White Skin,519,410
231,189,169,White Skin,524,396
246,210,195,White Skin,524,385
250,227,215,White Skin,518,380
244,218,211,White Skin,510,377
217,177,156,White Skin,498,372
231,195,178,White Skin,472,368
249,223,213,White Skin,463,366
246,223,210,White Skin,457,364
246,211,189,White Skin,450,366
236,191,172,White Skin,446,372
206,157,133,White Skin,442,382
236,203,185,White Skin,508,393
234,199,179,White Skin,509,396
222,177,160,White Skin,509,404
198,153,136,White Skin,539,388
164,119,102,White Skin,531,403
134,94,75,White Skin,529,410
168,127,111,White Skin,522,422
198,158,137,White Skin,503,432
206,166,148,White Skin,489,433
214,170,157,White Skin,474,434
219,184,164,White Skin,461,430
232,191,166,White Skin,450,411
205,159,134,White Skin,442,390
243,212,191,White Skin,450,358
243,211,199,White Skin,455,356
247,224,211,White Skin,494,322
245,226,214,White Skin,497,321
243,227,214,White Skin,505,316
242,226,215,White Skin,512,320
241,223,209,White Skin,519,330
118,77,61,White Skin,474,461
129,85,70,White Skin,481,464
148,106,88,White Skin,485,470
172,134,113,White Skin,492,475
124,88,70,White Skin,514,454
189,152,132,White Skin,508,471
185,147,126,White Skin,506,474
190,150,129,White Skin,503,481
154,116,100,White Skin,499,467
158,118,100,White Skin,488,475
247,213,197,White Skin,606,504
247,219,206,White Skin,609,517
236,204,188,White Skin,609,527
223,192,173,White Skin,606,534
212,179,158,White Skin,603,539
92,62,52,White Skin,98,432
147,112,103,White Skin,100,448
150,117,108,White Skin,125,461
95,64,54,White Skin,135,462
97,67,56,White Skin,116,438
89,62,51,White Skin,124,435
83,59,53,White Skin,141,442
81,55,46,White Skin,140,450
119,87,77,White Skin,127,449
182,152,137,White Skin,59,542
213,186,168,White Skin,64,546
227,198,181,White Skin,71,550
210,179,160,White Skin,80,548
187,153,140,White Skin,67,543
210,182,155,Background,552,60
211,184,156,Background,566,95
212,184,160,Background,568,120
210,183,153,Background,570,146
209,182,152,Background,607,43
210,183,153,Background,615,98
211,184,154,Background,620,122
210,182,157,Background,618,144
207,180,153,Background,678,52
209,181,156,Background,677,76
209,181,154,Background,671,107
205,180,152,Background,671,124
207,180,153,Background,700,66
210,182,157,Background,700,99
210,183,153,Background,698,134
210,182,155,Background,688,148
202,174,149,Background,68,72
199,172,143,Background,63,94
200,173,146,Background,44,166
198,171,144,Background,42,185
202,174,147,Background,104,70
202,175,145,Background,110,107
203,175,148,Background,101,140
202,174,147,Background,97,163
203,175,148,Background,95,170
166,112,89,Yellow Skin,226,636
171,118,97,Yellow Skin,229,650
144,90,71,Yellow Skin,235,670
181,128,105,Yellow Skin,237,691
237,194,167,Yellow Skin,249,656
201,147,124,Yellow Skin,249,664
199,146,123,Yellow Skin,249,693
197,148,128,Yellow Skin,252,708
189,142,121,Yellow Skin,264,725
205,159,134,Yellow Skin,205,832
227,188,160,Yellow Skin,238,818
226,183,152,Yellow Skin,312,809
233,189,161,Yellow Skin,336,810
224,178,150,Yellow Skin,306,823
224,176,151,Yellow Skin,274,832
224,181,153,Yellow Skin,240,839
217,170,140,Yellow Skin,223,846
220,175,147,Yellow Skin,229,857
211,170,141,Yellow Skin,286,855
231,195,168,Yellow Skin,313,856
238,204,176,Yellow Skin,346,848
202,156,128,Yellow Skin,317,823
176,128,103,Yellow Skin,279,796
142,93,71,Yellow Skin,267,765
111,70,54,Yellow Skin,282,752
212,165,145,Yellow Skin,303,722
168,116,95,Yellow Skin,323,687
226,181,162,Yellow Skin,324,669
235,197,176,Yellow Skin,315,655
215,163,132,Yellow Skin,303,642
219,174,146,Yellow Skin,298,624
227,193,168,Yellow Skin,282,649
233,189,163,Yellow Skin,269,653
237,193,174,Yellow Skin,262,655
222,173,142,Yellow Skin,333,668
211,160,136,Yellow Skin,329,674
173,126,105,Yellow Skin,321,697
228,177,155,Yellow Skin,288,723
195,144,123,Yellow Skin,279,728
183,137,110,Yellow Skin,311,780
227,182,152,Yellow Skin,322,800
200,152,125,Yellow Skin,344,812
230,193,167,Yellow Skin,327,843
238,196,172,Yellow Skin,222,825
229,188,160,Yellow Skin,204,820
250,209,181,Yellow Skin,196,821
227,190,164,Yellow Skin,238,825
234,195,169,Yellow Skin,257,840
216,170,142,Yellow Skin,285,844
158,119,105,Black Skin,244,87
160,118,105,Black Skin,244,90
168,131,123,Black Skin,232,93
141,102,86,Black Skin,214,93
111,75,56,Black Skin,201,94
104,73,54,Black Skin,197,97
166,121,104,Black Skin,244,106
156,111,90,Black Skin,251,106
142,102,84,Black Skin,252,91
170,133,123,Black Skin,227,86
170,125,106,Black Skin,266,153
142,95,79,Black Skin,266,158
166,122,102,Black Skin,238,155
106,67,51,Black Skin,215,158
105,69,54,Black Skin,202,160
119,88,81,Black Skin,198,181
70,44,37,Black Skin,200,199
109,72,61,Black Skin,223,206
150,117,98,Black Skin,232,213
45,28,20,Black Skin,247,223
63,39,31,Black Skin,246,244
64,40,32,Black Skin,237,259
217,175,153,Black Skin,401,107
186,131,104,Black Skin,378,121
203,157,131,Black Skin,401,121
179,130,106,Black Skin,398,136
216,170,142,Black Skin,395,158
186,135,114,Black Skin,385,178
187,138,116,Black Skin,378,179
207,161,136,Black Skin,425,170
162,113,93,Black Skin,365,182
137,99,82,Black Skin,368,201
36,17,10,Black Skin,394,241
58,32,22,Black Skin,391,269
91,57,43,Black Skin,379,284
86,52,38,Black Skin,386,289
116,71,54,Black Skin,400,309
102,64,47,Black Skin,401,321
155,102,81,Black Skin,676,304
150,101,79,Black Skin,676,314
169,119,88,Black Skin,666,332
239,188,162,Black Skin,635,345
218,167,143,Black Skin,628,346
196,143,118,Black Skin,670,300
242,205,179,Black Skin,663,292
241,207,180,Black Skin,632,242
218,172,146,Black Skin,621,231
199,145,111,Black Skin,612,239
220,171,137,Black Skin,618,246
190,138,110,Black Skin,610,299
225,174,148,Black Skin,606,299
231,177,145,Black Skin,639,288
39,20,10,Black Skin,632,400
56,33,20,Black Skin,647,414
126,82,58,Black Skin,650,444
130,86,64,Black Skin,651,458
83,54,34,Black Skin,665,398
74,43,26,Black Skin,659,428
135,89,68,Black Skin,657,445
115,72,52,Black Skin,655,461
117,74,57,Black Skin,653,466
169,129,108,Black Skin,403,560
161,121,100,Black Skin,399,563
160,118,98,Black Skin,393,565
175,133,113,Black Skin,425,546
159,111,93,Black Skin,428,557
162,117,98,Black Skin,414,566
161,121,100,Black Skin,393,563
148,106,88,Black Skin,416,580
90,54,37,Black Skin,415,596
214,170,148,Black Skin,420,623
224,182,162,Black Skin,421,630
61,29,15,Black Skin,396,648
111,75,60,Black Skin,449,737
136,96,76,Black Skin,444,745
141,99,79,Black Skin,434,756
46,24,18,Black Skin,401,732
169,127,107,Black Skin,458,772
173,125,107,Black Skin,469,807
162,115,97,Black Skin,452,813
160,116,97,Black Skin,438,789
185,147,126,Black Skin,464,751
174,130,111,Black Skin,492,779
168,119,101,Black Skin,510,806
164,118,97,Black Skin,478,796
167,123,102,Black Skin,475,782
224,181,153,Black Skin,150,638
236,194,169,Black Skin,139,632
235,193,170,Black Skin,132,630
229,186,159,Black Skin,161,619
233,187,160,Black Skin,164,622
223,181,157,Black Skin,154,633
198,153,125,Black Skin,112,688
172,122,96,Black Skin,96,693
124,82,60,Black Skin,87,704
130,87,70,Black Skin,94,731
73,34,24,Black Skin,100,746
109,72,50,Black Skin,87,774
115,75,57,Black Skin,94,786
112,72,53,Black Skin,95,781
83,47,30,Black Skin,115,753
181,128,103,Black Skin,138,745
168,117,91,Black Skin,163,707
213,164,130,Black Skin,169,697
173,123,97,Black Skin,163,705
187,133,101,Black Skin,235,369
198,143,114,Black Skin,238,356
225,178,160,Black Skin,254,353
212,167,146,Black Skin,266,353
204,152,120,Black Skin,242,359
215,161,138,Black Skin,277,346
135,89,66,Black Skin,323,356
205,149,113,Black Skin,321,378
245,204,177,Black Skin,312,394
143,86,58,Black Skin,326,406
198,142,108,Black Skin,286,412
206,149,123,Black Skin,272,420
196,141,117,Black Skin,254,432
146,97,77,Black Skin,258,437
156,97,69,Black Skin,315,407
167,114,87,Black Skin,330,422
192,136,103,Black Skin,332,442
206,149,121,Black Skin,327,457
175,121,92,Black Skin,314,472
238,195,171,Black Skin,534,592
247,205,183,Black Skin,525,603
216,166,138,Black Skin,519,611
205,153,123,Black Skin,540,622
213,163,132,Black Skin,541,642
190,140,109,Black Skin,566,650
198,143,116,Black Skin,581,654
185,134,101,Black Skin,596,665
191,136,109,Black Skin,596,684
216,173,146,Black Skin,578,702
190,142,115,Black Skin,563,711
180,132,105,Black Skin,565,715
147,99,72,Black Skin,604,742
180,132,96,Black Skin,615,763
167,120,90,Black Skin,618,781
159,113,83,Black Skin,624,801
185,137,108,Black Skin,626,830
175,127,100,Black Skin,625,844
199,150,114,Black Skin,620,731
199,151,112,Black Skin,628,745
186,138,109,Black Skin,635,773
181,134,104,Black Skin,636,802
178,130,101,Black Skin,633,826
183,133,100,Black Skin,632,844
147,101,75,Black Skin,727,774
121,81,61,Black Skin,727,788
156,112,86,Black Skin,723,809
174,127,93,Black Skin,722,824
